Packets:,Packets/s:,Packets/s (ave):,Mbps:,Mbps (ave):,Lost,
21997,21787, 21787.0, 713.9374799999999, 713.9374799999999, 9398, 
65902,38192, 29989.5, 1251.4997279999998, 982.718604, 17077, 
124889,42504, 34161.0, 1392.7889280000002, 1119.4087120000002, 31268, 
189200,39736, 35554.75, 1302.085992, 1165.078032, 54183, 
254956,37095, 35862.8, 1215.55352, 1175.1731295999998, 70264, 
325297,51830, 38524.0, 1698.38592, 1262.3752613333334, 77195, 
394041,43959, 39300.42857142857, 1440.462168, 1287.8162479999999, 91280, 
